u_sex,green_travel_ratio,danci_carbon_kg,trip_all,gender
1,0.5826958241857753,3.408283148816928,51.120157216641125,Male
2,0.6786706053431681,3.039619023865534,51.06205389204005,Female
